employee_id,Attrition,HourlyRate,JobLevel,JobSatisfaction,MonthlyIncome,MonthlyRate,PerformanceRating
8724,Yes,94,2,4,5993,19479,3
74430,No,61,2,2,5130,24907,4
72255,Yes,92,1,3,2090,2396,3
38562,No,56,1,3,2909,23159,3
64486,No,40,1,2,3468,16632,3
46232,No,79,1,4,3068,11864,3
54542,No,81,1,1,2670,9964,4
67269,No,67,1,3,2693,13335,4
66174,No,44,3,3,9526,8787,4
76303,No,94,2,3,5237,16577,3
60245,No,84,1,2,2426,16479,3
42639,No,49,2,3,4193,12682,3
30963,No,31,1,3,2911,15170,3
54055,No,93,1,4,2661,8758,3
42996,Yes,50,1,3,2028,12947,3
12737,No,51,3,1,9980,10195,3
27561,No,80,1,2,3298,15053,3
26622,No,96,1,4,2935,7324,3
31582,No,78,4,4,15427,22021,3
29793,No,45,1,4,3944,4306,3
72735,No,96,2,3,4011,8232,3
5677,Yes,82,1,1,3407,6986,4
60889,No,53,3,2,11994,21293,3
51498,No,96,1,4,1232,19281,3
8566,Yes,83,1,1,2960,17102,3
53151,No,58,5,3,19094,10735,3
16203,Yes,72,1,1,3919,4681,4
61083,No,48,2,2,6825,21173,3
74849,No,42,3,4,10248,2094,3
13259,No,83,5,1,18947,22822,3
72407,No,78,1,4,2496,6670,3
65237,No,41,2,4,6465,19121,3
67672,No,83,1,3,2206,16117,3
77460,Yes,56,2,4,2086,3335,3
67317,Yes,61,1,4,2293,3020,3
68788,No,72,1,3,2645,21923,3
36834,Yes,86,1,3,2683,3810,3
64281,No,97,1,4,2014,9687,3
1822,No,82,1,1,3419,13072,3
55325,No,42,2,1,5376,3193,3
41432,No,75,1,4,1951,10910,3
52061,No,33,1,1,2341,19715,3
39973,Yes,48,1,3,2293,10558,3
42524,No,37,3,3,8726,2975,3
7935,No,58,2,4,4011,10781,4
49940,Yes,49,5,3,19545,16280,3
10059,No,72,2,3,4568,10034,4
44159,No,73,1,2,3022,10227,4
76691,No,98,2,4,5772,20445,4
3720,No,36,1,4,2269,4892,3
5621,Yes,98,3,3,5381,19294,3
24147,Yes,50,1,3,3441,11179,3
33997,No,75,2,1,5454,4009,4
64076,No,79,3,1,9884,8302,3
21379,No,47,2,4,4157,21436,3
23714,No,98,3,4,13458,15146,3
19866,No,71,3,1,9069,11031,4
4529,No,30,1,1,4014,16002,3
64703,No,48,2,4,5915,9528,4
19649,No,51,2,3,5993,2689,3
6596,No,33,2,4,6162,10877,4
7999,No,50,2,4,2406,5456,3
4762,No,43,5,3,18740,16701,3
5387,No,99,3,1,7637,2354,3
24620,No,59,3,3,10096,8202,3
57989,No,33,4,3,14756,19730,3
75619,No,95,2,2,6499,22656,3
26977,No,59,3,1,9724,18787,3
65975,No,79,1,1,2194,5868,3
51302,Yes,79,1,3,3388,21777,3
63714,No,57,2,3,5473,24668,3
70556,No,76,1,2,2703,4956,4
70117,No,87,1,2,2501,18775,3
51972,No,66,2,2,6220,7346,3
60572,No,55,1,4,3038,22002,3
9548,No,61,2,4,4424,20682,4
64,No,32,2,1,4312,23016,3
35510,No,52,3,1,13245,15067,3
10732,No,30,3,3,13664,25258,3
9214,No,80,2,2,5021,10425,4
10761,No,55,2,4,5126,15998,3
32110,No,30,1,3,2859,26278,3
50038,No,70,3,4,10239,18092,3
1555,No,79,2,4,5329,15717,3
21200,No,94,2,2,4325,17736,3
50380,No,49,3,4,7260,21698,3
45009,No,62,1,1,2322,9518,3
65450,No,96,1,4,2075,18725,4
77333,No,99,2,4,4152,15830,3
2347,Yes,64,3,4,9619,13596,3
8443,No,78,4,2,13503,14115,4
39490,No,71,2,4,5441,8423,4
69077,No,63,2,2,5209,19760,3
64652,No,40,3,1,10673,3142,3
5254,No,87,2,3,5010,24301,3
71131,No,60,3,3,13549,24001,3
19620,No,33,2,3,4999,17519,4
41266,No,43,2,3,4221,8863,3
11001,No,37,4,3,13872,24409,3
28530,No,67,2,2,2042,25043,3
72481,Yes,63,1,1,2073,23648,4
67417,No,71,1,1,2956,15178,3
51840,Yes,66,1,4,2926,19783,3
43223,No,41,2,3,4809,12482,3
40287,No,100,2,4,5163,15850,3
29367,No,32,5,4,18844,21922,4
36352,No,73,5,2,18172,9755,3
29681,Yes,46,2,3,5744,26959,3
30233,No,64,1,4,2889,26897,3
66601,No,59,1,4,2871,23785,3
40276,No,30,3,1,7484,25796,4
1522,Yes,66,2,3,6074,22887,4
17936,No,30,4,4,17328,13871,3
26270,No,52,1,3,2774,13257,3
6837,No,45,2,2,4505,15000,3
49665,No,87,3,4,7428,14506,3
1908,No,45,3,1,11631,5615,3
6474,No,92,3,4,9738,22952,3
27495,No,39,1,4,2835,2561,4
24324,No,92,4,4,16959,19494,3
14299,No,96,1,3,2613,22310,4
56246,No,95,2,2,6146,15480,3
3901,Yes,72,1,2,4963,4510,3
41566,No,51,5,3,19537,6462,3
55735,Yes,76,2,3,6172,20739,3
53627,No,46,1,2,2368,23300,3
62683,Yes,94,3,4,10312,3465,3
42719,Yes,50,1,3,1675,26820,3
44948,No,100,1,4,2523,19299,3
26037,No,96,2,1,6567,5549,3
30607,No,72,1,3,4739,16090,3
46103,No,77,3,4,9208,6645,3
6452,Yes,71,2,3,4559,24788,3
47286,No,96,3,3,8189,21196,3
44117,No,61,1,3,2942,8916,4
1367,No,84,2,2,4941,2819,4
26228,Yes,53,3,4,10650,25150,3
65694,No,47,2,3,5902,14590,3
2721,No,41,2,3,8639,24835,3
63901,No,48,2,4,6347,13982,3
4701,Yes,41,1,1,4200,10224,4
35341,No,83,1,4,3452,9752,3
3203,No,32,2,3,4317,2302,4
10361,No,75,1,3,2632,23910,3
6572,No,35,2,4,4668,22812,3
70408,No,84,1,1,3204,10415,3
11774,No,35,1,4,2720,11162,3
37873,No,91,4,1,17181,12888,3
3886,No,94,1,1,2238,6961,4
23347,No,79,1,2,1483,16102,3
3034,No,54,2,2,5605,8504,3
30137,No,94,3,2,7295,11439,3
52431,No,34,2,3,2306,16047,4
11061,No,60,2,2,2348,10901,3
9706,No,43,3,4,8998,15589,3
17607,No,41,2,3,4319,26283,3
64986,No,34,2,3,6132,13983,3
8082,No,75,1,2,3346,11873,4
20982,No,67,3,4,10855,8552,3
5794,No,75,1,3,2231,11314,3
69381,No,80,1,4,2323,11992,4
50176,No,57,1,2,2024,5970,3
1612,No,42,1,4,2713,6672,3
48923,No,83,3,4,9439,23402,3
50366,No,79,1,3,2566,25326,3
48813,No,53,5,2,19926,17053,3
5574,No,56,1,3,2451,4609,3
57601,No,41,3,4,9419,8053,3
26788,No,59,2,4,8686,12930,4
564,No,43,1,3,3038,12430,4
3864,No,51,1,2,3058,13364,3
19598,Yes,100,1,1,2325,20989,4
19513,No,30,1,2,2088,15062,3
74965,No,66,2,1,3072,11012,3
42353,No,30,2,1,5006,6319,3
13367,No,67,1,1,4257,13939,3
38556,No,90,1,4,2500,10515,3
51344,Yes,47,1,4,1102,9241,4
28320,No,92,3,1,10453,2137,4
56104,No,75,1,4,2288,6319,3
68882,No,95,1,4,3929,6984,4
75800,No,95,1,2,2311,5711,3
13223,Yes,70,1,2,3140,21728,4
62740,No,86,1,3,3690,3425,3
67233,No,57,2,1,4450,26250,3
49207,No,72,1,2,2756,4673,3
19053,No,46,5,3,19033,6499,3
38096,No,61,5,2,18722,13339,3
46519,No,45,2,3,9547,14074,3
2111,No,98,4,2,13734,7192,3
69413,No,65,5,3,19999,5678,3
53827,No,99,1,2,2279,11781,3
40064,Yes,50,2,3,5916,15497,3
33502,No,37,1,4,2089,5228,3
15182,No,65,4,4,16792,20462,4
13593,No,65,1,1,3564,22977,3
15613,No,37,2,2,4425,15986,3
75751,No,36,2,3,5265,16439,3
71625,No,88,2,3,6553,7259,3
37763,No,54,2,4,6261,4185,3
10812,No,60,2,1,4298,9679,3
67357,No,92,2,4,6804,23793,3
49583,No,43,1,3,3815,5972,3
45428,No,99,2,4,2741,16523,3
9978,Yes,70,2,1,6673,11354,3
44266,Yes,35,3,4,7639,24525,4
47252,No,60,1,2,2328,12392,3
57884,No,73,1,4,2153,7703,3
24334,No,63,2,4,4876,14242,3
58892,No,97,3,1,9396,12368,3
40799,Yes,32,3,4,10400,25812,3
33879,No,88,3,3,8474,20925,4
24403,No,90,2,3,9981,12916,3
51150,No,81,3,2,12490,15736,3
7722,Yes,88,1,1,2657,8556,3
71271,No,75,3,4,13591,14674,3
56772,Yes,52,2,1,6696,22967,3
65909,Yes,85,1,3,2058,19757,3
8228,No,57,3,4,8865,16840,3
52138,No,52,2,1,5940,17011,3
22999,No,62,2,2,5914,9945,3
29196,No,47,1,2,2622,13248,4
10663,No,47,3,4,12185,10056,3
65651,No,76,3,3,10609,9647,3
17973,No,90,2,3,4345,4381,3
10986,No,70,1,4,2177,8456,3
19355,No,41,1,4,2793,2539,3
75402,No,42,3,4,7918,6599,3
52587,No,92,3,3,8789,9096,3
41662,Yes,86,1,4,2389,14961,3
73944,No,89,1,4,3212,3300,3
3987,No,58,5,4,19232,4933,3
40057,No,52,1,3,2267,25657,3
76195,No,68,5,4,19517,24118,3
12411,Yes,58,1,4,2436,22149,3
15161,No,80,4,4,16064,7744,4
59084,Yes,39,1,1,2707,21509,4
53857,No,79,5,3,19068,21030,3
42772,No,56,1,2,3931,20990,3
5294,Yes,62,1,3,3730,9571,3
56439,No,96,1,3,2232,15417,3
29998,No,100,2,4,4465,12069,3
76599,No,36,2,1,3072,19877,3
27424,No,62,2,4,3319,24447,3
45605,No,70,5,4,19202,15970,3
75833,No,73,3,3,13675,13523,3
57068,No,63,1,4,2911,14776,3
70129,No,84,2,1,5957,23687,3
14733,No,83,1,1,3920,18697,3
71886,No,77,2,3,6434,5118,3
7561,Yes,61,3,3,10048,22573,3
59522,No,64,3,3,10938,6420,4
44299,No,60,1,4,2340,22673,3
29220,No,82,2,1,6545,23016,3
15869,No,45,2,4,6931,10732,3
51270,No,62,2,3,4898,7505,3
14778,No,56,1,1,2593,8007,3
19212,No,49,5,3,19436,5949,3
70890,No,96,1,4,2723,23231,3
31183,Yes,71,1,2,3479,11652,3
46628,No,100,1,2,2794,26062,4
44670,No,39,2,4,5249,19682,3
70734,No,84,2,1,2176,19737,3
47051,No,75,4,2,16872,14977,3
17760,Yes,79,1,3,3485,14935,3
8180,No,78,2,2,6644,3687,3
24756,No,64,2,4,5582,14408,4
56780,No,85,2,1,4000,18384,3
59919,No,79,4,4,13496,7501,3
18924,No,47,1,4,3210,20251,3
42477,No,81,5,1,19045,18938,3
50900,Yes,88,3,2,11849,10268,3
11824,No,94,1,4,2070,2613,4
51740,No,98,2,4,6502,22825,3
51364,No,100,1,3,3230,10531,3
64265,No,80,3,4,13603,11677,3
46233,No,71,3,2,11996,19100,3
41215,No,44,2,1,5605,19191,4
47172,No,84,2,2,6397,26767,4
53542,No,96,5,2,19144,15815,3
2121,No,45,4,3,17584,21016,3
77677,No,99,2,3,4907,24532,4
38018,No,44,2,4,4554,20260,3
29799,No,37,2,4,5415,15972,3
565,No,60,2,1,4741,22722,3
33473,No,42,1,4,2115,15881,3
14628,Yes,43,1,3,3161,19920,4
46339,No,82,2,4,5745,18899,3
6352,Yes,45,1,2,2373,14180,3
63568,No,66,1,4,3310,4488,4
15317,No,35,5,1,18665,25594,3
63035,No,30,2,2,4485,26285,3
22942,No,84,1,2,2789,3909,3
62212,Yes,48,2,4,5828,8450,3
49252,No,53,1,4,2326,11411,3
38520,No,77,4,2,13525,14864,3
65459,Yes,54,1,3,1420,25233,3
69109,No,96,3,2,8020,5100,3
67985,No,81,1,4,3688,7122,3
74040,No,84,2,2,5482,16321,3
31049,No,88,4,2,16015,15896,3
55523,No,69,1,3,1200,9724,3
40579,No,68,2,1,5661,4824,3
40211,No,100,2,4,6929,12241,3
41982,No,48,3,4,9613,10942,3
24286,No,47,2,2,5674,6927,3
53696,No,91,2,3,5484,16985,3
47130,No,81,3,2,12061,26707,3
25340,No,32,2,3,5660,17056,3
16794,No,86,1,4,4821,10077,3
10399,No,62,2,1,6410,17822,3
9095,No,97,3,1,5210,20308,3
60624,No,32,1,4,2695,7747,3
30188,No,74,3,2,11878,23364,3
19292,No,99,4,1,17068,5355,3
58780,No,33,1,4,2455,10675,3
33674,No,90,4,3,13964,17810,3
17128,Yes,85,2,2,4941,17747,3
28127,No,85,1,2,2478,20938,3
42650,No,65,2,2,5228,24624,3
58393,No,74,2,3,4478,5242,3
72037,No,73,2,4,7547,7143,3
33736,No,74,2,4,5055,10557,3
51260,Yes,84,1,4,3464,24737,3
21326,No,64,2,4,5775,11934,3
7784,No,48,3,3,8943,14034,4
33540,No,54,5,4,19272,21141,3
14669,Yes,41,2,3,5238,17778,3
53267,No,46,2,4,4682,4317,3
51294,No,42,5,3,18300,16375,3
4208,No,82,2,3,5257,6227,3
64266,No,73,2,2,6349,22107,3
57995,No,31,2,3,4869,16885,3
76317,No,43,3,1,9985,9262,3
32169,No,75,2,4,3697,9278,3
22403,No,57,2,4,7457,13273,4
18775,Yes,77,1,1,2119,4759,3
7007,No,30,1,4,3983,7621,3
58836,No,30,2,3,6118,5431,3
67403,No,56,2,2,6214,3415,3
34371,No,61,2,4,6347,23177,3
17603,No,92,3,4,11510,15682,3
72636,No,39,3,4,7143,25713,3
44193,No,39,2,2,8268,11866,3
41162,No,62,3,2,8095,18264,3
42939,No,83,1,4,2904,16092,3
37227,No,95,2,2,6032,10110,3
34986,No,99,2,3,2976,25751,3
10473,No,44,4,4,15992,15901,3
42833,No,61,2,3,4649,16928,3
39224,No,52,1,3,2696,24017,3
34148,No,75,1,2,2370,3956,3
65558,No,91,3,3,12504,23978,4
63986,No,51,2,1,5974,17001,3
31641,No,85,2,3,4736,6069,3
45087,No,57,2,3,5296,20156,3
63354,No,98,2,4,6781,17078,4
41610,Yes,99,1,2,2174,9150,3
10376,No,45,2,4,6653,15276,3
11414,No,48,3,4,9699,7246,3
32884,No,88,2,3,6755,2967,3
71007,No,46,1,3,2213,22495,3
43891,No,39,1,4,2610,2851,4
26769,Yes,34,1,3,2851,9150,3
23022,No,98,1,1,3452,17663,4
56684,No,30,2,3,5258,16044,3
24951,Yes,56,2,2,9355,9558,3
8810,No,100,3,4,10496,2755,3
77266,Yes,68,2,3,6380,6110,3
33334,No,42,1,2,2657,7551,3
29911,Yes,90,1,2,2716,25422,3
42142,No,54,1,4,2201,18168,3
29467,No,97,2,2,6540,19394,3
11784,No,82,1,2,3816,17881,3
29776,No,92,2,4,5253,20750,3
10563,No,31,3,3,10965,12066,4
6736,No,87,2,4,4936,14862,3
441,No,96,1,3,2543,11868,3
14980,Yes,67,2,4,5304,4652,3
13549,No,97,4,4,16659,23258,3
1348,No,77,2,3,4260,5915,3
14948,No,72,1,2,2476,17434,3
12723,Yes,73,1,1,3102,6582,4
22827,No,43,1,2,2244,24440,3
30527,No,61,3,3,7596,3809,3
38928,Yes,40,1,4,2285,3427,4
17420,No,95,1,1,3034,26914,3
72878,No,46,2,2,5715,22553,3
43657,No,95,1,1,2576,20490,3
38588,No,49,2,2,4197,21123,3
55236,No,59,4,2,14336,4345,3
339,No,78,2,3,3448,13436,4
30270,No,86,5,1,19406,8509,3
52076,No,72,2,3,6538,12740,3
36458,No,31,2,1,4306,4156,3
27999,No,61,1,4,2258,15238,4
57114,No,74,2,3,4522,2227,3
25603,No,99,2,4,4487,12090,3
71930,No,72,2,3,4449,23866,3
23945,No,98,1,1,2218,16193,3
22469,No,52,5,3,19197,8213,3
34891,No,86,4,1,13212,18256,3
17506,No,83,2,3,6577,19558,3
32124,No,49,3,1,8392,19566,3
48160,No,79,2,1,4558,13535,3
30792,Yes,91,1,1,4031,9396,3
76840,No,39,3,3,7969,19609,3
27844,No,69,1,4,2654,9655,4
32595,No,30,4,4,16555,10310,3
68808,No,92,2,3,4556,12932,3
66391,No,43,2,4,6091,24793,4
18212,No,41,5,1,19566,3854,3
51051,No,87,2,3,4810,26314,3
60375,No,88,2,4,4523,4386,3
8495,Yes,62,1,2,3202,21972,3
61193,Yes,33,1,3,2351,12253,3
18612,No,42,1,4,1702,12106,4
50665,No,79,5,3,18041,13022,3
50512,No,90,1,4,2886,3032,4
6621,No,53,1,4,2097,16734,3
10992,No,93,3,3,11935,21526,3
10742,Yes,71,1,2,2546,18300,3
33326,Yes,52,1,4,2564,18437,3
28711,No,69,3,1,8412,2890,3
16466,No,56,4,4,14118,22102,3
71692,No,88,4,3,17046,9314,3
60158,No,49,1,4,2564,7181,3
5296,No,80,3,1,10266,2845,3
1415,No,65,2,4,5070,7389,3
376,No,51,4,3,17861,2288,3
11139,No,46,1,3,4230,19225,3
21667,No,42,2,3,3780,23428,3
52771,No,62,1,3,2768,8416,3
30283,No,94,3,4,9071,11563,3
33431,No,33,3,2,10648,14394,4
10860,Yes,56,3,3,13610,24619,3
76614,Yes,38,1,4,3408,6705,3
52246,No,57,1,2,2983,18398,3
16337,No,72,3,3,7632,14295,3
21160,Yes,66,3,3,9824,22908,3
30888,Yes,43,3,1,9950,11533,3
41543,No,97,1,3,2093,9260,3
68619,No,32,3,4,9980,15318,3
46124,Yes,99,1,3,3894,9129,3
9454,No,37,2,4,4051,19658,3
48316,No,83,4,2,16835,9873,4
61103,No,56,2,4,6230,13430,3
46772,No,85,2,3,4717,18659,3
62688,No,75,4,3,13237,20364,3
53821,No,48,1,3,3755,17872,3
67083,No,77,2,4,6582,8346,3
10508,No,56,3,1,7406,6950,4
42182,No,61,2,2,4805,16177,3
51295,Yes,58,1,3,2741,22808,3
26017,No,34,2,4,4262,22645,3
38656,No,95,4,3,16184,22578,3
1210,No,44,3,4,11557,25291,4
52205,Yes,69,1,2,1878,8059,3
18776,No,58,3,1,10932,11373,3
39588,No,62,2,3,6811,2112,3
2066,No,45,2,3,4306,4267,3
7952,No,80,2,3,4859,6698,3
28286,No,74,2,4,5337,19921,3
15837,Yes,66,1,4,2340,23213,3
41908,No,59,3,4,7491,23848,3
28766,No,86,3,3,10527,8984,3
35922,No,91,4,1,16595,5626,3
44582,No,69,3,2,8834,24666,3
42485,No,78,2,1,5577,22087,3
71289,Yes,60,2,3,4707,23914,3
47556,No,38,1,4,2400,5530,3
27264,No,76,2,3,9824,22174,3
50266,No,65,2,2,6447,15701,3
77122,No,58,5,3,19502,2125,3
45635,No,89,1,4,2725,21630,3
57502,No,66,2,2,6272,7428,4
26262,No,94,1,2,2127,9100,4
74374,No,99,5,2,18200,7999,3
34661,No,40,1,3,2096,26376,3
38450,Yes,55,1,3,2886,14168,3
31134,Yes,74,1,1,2033,14470,3
27968,No,83,1,4,3622,22794,3
36271,Yes,46,2,1,4233,11512,3
3316,No,54,2,4,3681,14004,3
35219,No,66,2,4,5460,6219,4
52701,No,66,1,3,2187,5013,3
8654,No,75,2,3,9602,3010,3
7551,No,83,1,2,2836,11757,3
18778,No,81,2,4,4089,5718,3
74667,No,50,4,4,16627,2671,3
57527,No,43,1,1,2619,14561,3
1726,No,72,2,3,5679,19627,3
60191,No,40,4,1,15402,17997,3
30623,No,50,2,3,5985,26894,3
67366,No,31,1,3,2579,2912,3
38917,Yes,85,1,1,3041,16346,3
15689,No,49,1,3,3447,24444,3
18286,No,35,5,4,19513,9358,3
63660,No,69,1,3,2773,12145,4
32232,No,39,2,3,7104,20431,3
56976,No,92,2,4,6322,18089,3
64644,No,71,1,3,2083,22653,4
39204,No,34,2,1,8381,7507,4
47141,No,42,1,4,2691,7660,3
26883,Yes,100,2,1,4286,5630,3
9890,No,71,1,4,2659,17759,3
50095,No,36,3,3,9434,9606,3
16145,No,62,2,3,5561,3487,3
24190,No,82,2,4,6646,19368,3
17777,No,30,2,4,7725,5335,4
3339,No,88,3,2,10725,6729,3
11436,No,48,2,2,8847,13934,3
40457,No,54,1,4,2045,15174,3
4730,Yes,32,1,3,1009,26999,3
10380,Yes,70,1,1,3348,3164,3
6891,No,41,1,3,1281,16900,3
40575,No,58,1,1,2819,8544,3
60937,No,57,2,2,4851,15678,4
50037,No,46,2,4,4028,7791,4
3066,No,76,1,4,2720,18959,3
18712,No,56,2,2,8120,18597,3
68494,No,71,2,4,4647,16673,4
74119,No,80,1,4,4680,15232,3
76254,No,74,1,3,3221,3297,3
49402,No,46,3,2,8621,17654,3
8141,Yes,65,2,3,4577,24785,3
3076,No,80,2,3,4553,20978,3
14390,No,55,2,4,5396,21703,3
66964,Yes,50,2,3,6796,23452,3
67091,No,33,2,4,7625,19383,3
13164,No,68,3,1,7412,6009,3
21190,No,39,3,4,11159,19373,3
21432,No,42,2,1,4960,11825,3
2096,No,48,3,1,10475,23772,4
53808,No,59,4,3,14814,13514,3
9751,No,73,5,4,19141,8861,3
59105,No,84,2,1,5405,11924,3
76796,No,32,3,1,8793,4809,4
49192,No,59,5,3,19189,19562,3
45888,No,54,1,2,3875,9983,3
12492,Yes,67,1,2,2216,3872,3
72963,No,63,3,1,11713,20335,3
53303,No,81,3,3,7861,15397,3
53081,No,49,1,3,3708,2104,3
23930,No,49,4,3,13770,10225,3
51938,No,99,2,4,5304,25275,4
29280,No,99,1,3,2642,2755,3
7689,Yes,57,1,3,2759,20366,3
16924,No,47,2,4,6804,23683,3
40162,No,96,2,3,6142,7360,3
8648,No,37,1,1,2500,4344,3
57036,No,44,2,2,6389,18767,3
69859,No,81,4,4,11103,20420,3
31492,No,86,1,4,2342,22929,4
3964,No,55,2,1,6811,23398,3
20962,No,83,1,2,2297,17967,3
16434,No,86,2,4,2450,10919,3
28860,No,61,2,1,5093,4761,3
28665,No,80,2,4,5309,21146,3
1561,No,92,1,3,3057,20471,3
72856,No,32,2,1,5121,4187,3
28596,No,31,4,1,16856,10084,3
52840,Yes,63,1,4,2686,5207,3
73807,No,32,2,4,6180,22807,4
1089,No,46,2,3,6632,12388,3
20345,No,79,1,3,3505,19630,3
59325,Yes,77,2,3,6397,10339,3
45294,No,60,2,4,6274,18686,4
61412,Yes,78,5,1,19859,21199,3
29033,No,76,3,1,7587,14229,3
41735,No,41,1,4,4258,26589,3
64996,No,71,1,4,4364,5288,3
10388,No,66,2,3,4335,25549,3
20001,Yes,38,2,1,5326,3064,3
47942,No,72,1,4,3280,13551,3
5232,No,95,2,1,5485,22670,3
7097,No,84,2,4,4342,24008,3
61335,No,82,1,1,2782,19905,3
61360,No,75,2,1,5980,26085,3
429,No,86,1,1,4381,7530,3
54187,No,72,1,4,2572,20317,3
18493,No,38,1,3,3833,24375,4
23130,No,38,2,2,4244,9931,4
16180,No,93,2,1,6500,13305,3
5133,No,66,5,4,18430,16225,3
54456,Yes,63,1,1,1601,3445,4
62197,No,60,1,2,2694,26551,3
50861,No,82,2,3,3149,21821,4
40356,No,64,4,3,17639,6881,3
68967,Yes,36,1,1,2319,6689,3
49181,No,49,3,3,11691,25995,3
19572,Yes,69,2,1,5324,26507,3
58731,No,33,4,4,16752,12982,3
32167,No,35,2,2,5228,23361,3
3435,No,81,1,3,2700,23779,4
7389,Yes,31,5,2,19246,25761,3
44860,No,40,1,3,2506,13301,3
72065,No,43,2,4,6062,4051,3
49353,Yes,46,1,3,4382,16374,3
42688,No,36,1,2,2143,25527,3
4019,No,98,2,3,6162,19124,3
64023,No,51,2,3,5094,11983,3
30034,No,52,2,4,6877,20234,4
6907,No,95,1,3,2274,6153,3
14810,No,98,2,2,4434,11806,3
17629,No,45,2,1,6288,4284,3
7003,No,100,1,4,2553,8306,3
59100,Yes,43,3,4,7654,5860,3
73651,Yes,37,2,4,5160,21519,3
65300,No,94,4,1,17159,5200,4
38796,No,42,3,4,12808,8842,3
17133,No,59,3,3,10221,18869,4
10552,No,81,2,2,4779,3698,4
58271,No,88,1,4,3737,2243,3
42387,Yes,88,1,3,2366,20898,3
19737,No,50,1,4,1706,16571,3
35156,No,66,4,3,16307,5594,3
68576,No,50,2,2,5933,5197,3
62951,No,65,1,1,3424,21632,3
76794,No,48,2,1,4037,21816,4
39736,No,53,1,1,2559,17852,3
73402,No,56,2,4,6201,2823,3
30749,No,73,2,4,4403,9250,3
49089,No,75,1,4,3761,2373,3
57203,No,78,3,4,10934,20715,3
37385,No,74,3,1,10761,19239,3
14101,No,91,2,3,5175,22162,3
31036,No,81,4,4,13826,19028,4
66566,No,66,2,3,6334,24558,3
2283,No,63,1,4,4936,23965,3
35086,No,33,2,4,4775,19146,4
66082,No,62,1,4,2818,5044,4
34105,No,35,1,4,2515,9068,3
14599,No,77,1,1,2342,8635,4
21293,No,98,2,1,4194,14363,3
44127,No,66,3,3,10685,23457,4
17522,Yes,96,1,2,2022,16612,3
23708,No,61,1,4,2314,9148,3
64845,No,87,2,1,4256,18154,3
38638,No,36,1,1,3580,10554,3
62916,No,46,1,4,3162,10778,3
18984,No,48,2,2,6524,8891,3
35872,No,98,1,2,2899,12102,3
8019,No,95,2,4,5231,23726,3
6358,No,48,1,4,2356,14871,3
53023,Yes,48,1,3,2800,23522,3
32026,No,73,4,4,11836,22789,3
32170,No,78,3,2,10903,9129,3
46737,No,54,1,4,2973,21222,3
21112,No,72,4,4,14275,20206,3
12594,No,33,2,4,5562,21782,3
9049,No,35,2,4,4537,17783,4
48577,No,32,3,2,7642,4814,3
9087,No,98,4,1,17924,4544,3
74296,No,42,2,4,5204,7790,3
13640,No,57,1,2,2277,22650,3
65412,Yes,87,1,4,2795,18016,4
17816,No,62,1,4,2532,6054,3
50036,No,61,1,1,2559,7508,3
34158,No,98,2,4,4908,24252,3
30033,Yes,57,1,4,2380,13384,3
74401,No,55,2,2,4765,23814,4
73296,Yes,49,1,3,2044,22052,3
41847,Yes,65,1,4,2693,8870,3
28456,No,68,2,4,6586,4821,3
55643,No,65,1,4,3294,13137,3
40689,Yes,34,2,3,4171,10022,3
41087,Yes,57,1,4,2778,17725,3
56409,No,77,1,3,2377,9834,3
28892,Yes,70,1,1,2404,4303,4
22658,No,76,1,3,2318,17808,3
34021,No,83,1,2,2008,6896,3
29419,No,68,2,3,6244,7824,3
65630,No,100,1,1,2799,3339,3
18809,No,37,3,2,10552,9255,3
59695,No,41,1,3,2329,11737,3
39585,No,51,2,4,4014,19170,4
30356,No,51,3,2,7403,22477,3
78175,No,51,1,3,2259,5543,3
23668,No,45,2,3,6932,24406,3
50441,No,65,1,4,4678,23293,3
52311,No,80,3,1,13582,16292,3
19576,No,70,1,2,2332,3974,4
39982,Yes,36,1,2,2413,18798,3
23338,No,67,3,2,9705,20652,3
58769,No,52,2,1,4294,11148,3
65210,No,59,1,1,4721,3119,3
70168,No,79,1,3,2519,12287,4
44136,Yes,37,1,2,2121,9947,3
19098,Yes,84,1,1,2973,13008,3
19826,No,41,2,4,5855,17369,3
68896,No,35,1,2,3617,25063,3
22540,No,93,2,1,6725,13554,3
52630,Yes,51,3,4,10325,5518,3
42249,No,42,2,4,6949,12291,3
41645,Yes,46,3,3,10609,14922,3
60352,No,57,2,2,4447,23163,3
24168,No,84,1,4,2157,18203,3
77703,No,86,2,3,4601,6179,3
52005,No,70,4,4,17099,13829,3
22821,Yes,51,1,3,2479,26227,4
33963,No,45,4,3,14852,13938,3
55903,No,62,3,3,7264,9977,3
70360,No,85,2,4,5666,19899,3
21163,No,92,3,4,7823,6812,3
52351,No,41,3,3,7880,2560,3
57632,Yes,100,4,2,13194,17071,3
67448,No,64,2,3,5067,6759,3
21018,No,84,2,4,5079,25952,3
30307,Yes,46,1,1,2321,10322,4
51006,No,38,4,3,17444,20489,3
59242,Yes,92,1,1,2404,11479,4
19353,No,53,1,4,3452,17241,3
25940,No,91,1,4,2270,11005,3
33400,No,66,4,4,17399,6615,4
46896,No,84,2,2,5488,20161,3
65389,No,64,5,3,19419,3735,3
31886,No,37,1,2,2811,12086,3
62107,No,42,2,1,3633,14039,3
62662,No,83,2,4,4163,8571,3
77743,Yes,48,1,3,2132,11539,3
54888,No,95,4,3,13973,4161,3
6878,No,66,1,3,2684,12127,3
71343,No,75,3,3,10845,24208,3
64742,No,41,2,3,4377,24117,3
31110,Yes,39,1,2,3743,10074,4
22290,No,96,2,1,4148,11275,3
5238,No,73,1,4,1051,13493,3
17481,No,56,3,3,10739,13943,3
16426,No,57,3,3,10388,6975,3
45701,No,73,3,1,11416,17802,3
65943,Yes,98,1,1,2600,18275,3
23605,Yes,60,1,2,2422,25725,3
65623,No,32,2,4,5472,3334,3
8693,No,94,1,1,2451,6881,3
77061,No,97,2,3,4240,13119,3
50458,No,78,3,3,10999,22245,3
50405,No,42,2,3,5003,23371,3
29954,No,65,4,4,12742,7060,3
27369,No,47,2,4,4227,4658,3
34266,No,45,1,4,3917,9541,4
69082,No,90,5,3,18303,7770,3
54481,No,64,1,4,2380,20165,3
16986,No,69,4,4,13726,21829,3
21502,Yes,61,2,2,4777,14382,3
26676,No,62,2,2,6385,12992,3
54360,No,55,5,3,19973,20284,4
14467,No,42,2,4,6861,4981,3
58255,Yes,79,2,1,4969,21813,3
46322,Yes,57,5,4,19845,25846,3
49734,No,53,4,4,13320,11737,3
18985,No,95,2,3,6347,24920,3
51064,Yes,43,1,1,2743,8269,3
24677,No,82,3,1,10880,5083,3
52765,No,88,1,4,2342,21437,3
46466,No,90,4,4,17650,5404,3
9307,No,69,1,3,4025,11135,3
45619,No,75,2,4,9725,12278,3
1110,No,66,3,4,11904,11038,3
928,No,36,1,2,2177,8318,3
24625,No,38,3,2,7525,23537,3
16069,Yes,81,2,3,4834,7858,3
59733,Yes,57,1,1,2042,15346,3
8710,No,87,1,3,2220,18410,3
28479,No,74,1,2,1052,23384,4
73983,No,44,1,3,2821,2997,3
57108,No,62,5,3,19237,12853,3
7195,No,35,2,2,4107,13848,3
52665,No,74,2,1,8396,22217,3
37573,No,66,1,3,2007,25265,3
68267,No,40,5,4,19627,21445,3
40855,No,41,3,3,10686,8392,3
61710,No,63,1,3,2942,12154,3
14955,No,51,3,4,8858,15669,3
77531,No,40,4,1,16756,17323,3
5885,No,79,3,4,10798,5268,3
31444,Yes,54,1,4,2323,17205,3
12927,Yes,36,1,1,1416,17258,3
3718,No,74,2,1,4615,21029,4
718,Yes,34,1,3,2461,10332,3
813,Yes,72,3,1,8722,12355,3
2005,No,59,1,1,3955,11141,3
38391,No,85,2,1,9957,9096,3
62502,No,43,1,3,3376,18863,3
30320,No,65,3,3,8823,24608,3
71236,No,61,3,4,10322,26542,4
7361,No,87,1,3,4621,5869,3
24579,No,65,3,2,10976,15813,3
75383,No,59,2,3,3660,7909,3
3994,Yes,91,3,1,10482,2326,3
56762,No,34,3,4,7119,21214,3
21572,Yes,86,3,1,9582,10333,4
49902,Yes,54,2,3,4508,3129,4
46473,No,50,1,3,2207,22482,3
66123,No,45,2,4,7756,22266,3
63361,No,88,2,4,6694,24223,3
30949,Yes,32,1,4,3691,4605,3
65248,Yes,37,1,3,2377,19373,4
5320,Yes,55,1,2,2313,2993,4
6158,No,35,4,1,17665,14399,3
3570,Yes,45,1,2,2596,7160,3
12033,Yes,81,2,3,4728,17251,3
61175,No,30,2,2,4302,13401,3
49816,No,40,1,4,2979,22478,3
8824,No,35,4,4,16885,16154,4
57352,No,65,2,3,5593,17970,3
50294,No,87,3,2,10445,15322,3
76037,No,73,3,3,8740,5569,3
19245,No,93,1,4,2514,26968,4
1610,No,93,3,2,7655,8039,3
33835,No,52,4,3,17465,15596,3
61018,No,32,3,2,7351,20619,3
16908,No,83,3,1,10820,11535,3
20068,Yes,84,4,4,12169,13547,3
30534,No,44,5,3,19626,17544,3
29500,No,70,1,2,2070,25326,3
33834,No,70,2,2,6782,8770,3
54535,No,78,2,4,7779,23238,4
17853,No,67,1,4,2791,21981,3
30139,No,67,1,2,3201,19911,3
27401,No,54,2,4,4968,18500,3
42042,No,56,4,2,13120,11879,3
24099,No,95,2,3,4033,15834,3
7180,No,61,1,2,3291,17940,3
35814,No,56,2,4,4272,9558,3
44779,No,79,2,4,5056,17689,3
29222,No,37,1,3,2844,6004,3
50994,No,39,1,3,2703,22088,3
1276,Yes,80,1,3,1904,13556,3
22054,Yes,77,2,1,8224,18385,3
31041,No,46,1,4,4766,9051,3
64122,Yes,72,1,3,2610,6233,3
76830,No,52,2,4,5731,17171,3
24188,No,55,1,3,2539,7950,3
1749,No,70,2,3,5714,5829,4
74749,No,100,1,3,4323,7108,3
24091,Yes,45,3,1,7336,11162,3
69671,No,88,3,3,13499,13782,3
31902,Yes,44,4,1,13758,2447,3
48217,No,45,2,1,5155,2253,3
10292,No,58,1,3,2258,16340,3
61474,No,49,1,2,3597,6409,4
54053,Yes,79,1,4,2515,22955,3
65465,No,82,1,4,4420,13421,4
26232,No,72,2,3,6578,2706,3
54413,No,92,2,4,4422,21203,3
59365,No,44,3,2,10274,19588,3
45470,No,97,2,1,5343,25755,4
12571,No,47,1,4,2376,26537,3
31518,Yes,85,2,3,5346,9489,3
49208,No,76,1,1,2827,14947,3
31515,No,92,5,1,19943,18575,3
43824,No,54,1,4,3131,26342,3
18600,No,54,1,1,2552,7172,4
49494,No,83,1,3,4477,20100,3
76821,No,56,2,4,6474,9961,3
11378,No,87,1,3,3033,12828,3
32242,Yes,96,1,3,2936,10826,3
16142,No,50,5,3,18606,18640,3
1250,No,69,1,4,2168,26933,3
6366,Yes,48,1,4,2853,4223,3
65786,No,69,4,1,17048,24097,4
52386,No,74,1,3,2290,4279,3
71833,No,99,1,3,3600,8429,3
1327,Yes,95,1,1,2107,20293,3
2383,No,61,2,1,4115,13192,3
67658,No,62,2,2,4327,25440,3
24637,No,30,4,1,17856,9490,4
67379,No,78,1,1,3196,12449,3
37712,No,52,5,2,19081,10849,3
66799,No,94,2,1,8966,21026,3
16875,Yes,97,1,2,2210,3372,3
16517,No,82,2,3,4539,4905,3
46895,No,60,1,3,2741,6865,3
46351,No,49,2,3,3491,11309,3
25883,No,32,2,4,4541,7744,4
67480,No,43,1,4,2678,5050,3
13471,No,60,2,4,7379,17433,3
48370,No,79,2,1,6272,12858,3
1183,No,52,2,4,5220,10893,3
66776,No,77,1,2,2743,7331,4
53366,No,38,2,3,4998,2338,3
77194,No,77,3,1,10252,4235,4
56386,No,60,1,4,2781,6311,3
44243,No,84,2,2,6852,11591,3
68929,No,57,2,4,4950,20623,3
47990,No,63,1,2,3579,9369,4
42308,No,60,3,1,13191,23281,3
34787,No,78,3,4,10377,13755,3
30673,No,42,1,1,2235,14377,3
20454,No,53,3,3,10502,9659,3
14255,No,72,1,4,2011,19982,3
695,Yes,96,1,2,1859,6148,4
62976,No,97,1,4,3760,5598,3
16198,No,85,4,4,17779,23474,3
18019,No,80,2,1,6833,17089,3
37984,No,96,2,1,6812,17198,3
2425,No,48,2,4,5171,16490,3
40814,No,96,5,4,19740,18625,3
23800,No,85,5,3,18711,12124,3
32889,No,46,1,2,3692,9256,3
11336,No,76,1,2,2559,16620,3
3455,No,76,1,3,2517,3208,3
58459,No,82,2,4,6623,4204,3
34222,No,76,5,4,18265,8733,3
19756,No,87,4,4,16124,3423,3
22506,No,89,1,3,2585,21643,3
7488,No,88,5,2,18213,8751,3
42978,No,82,3,3,8380,21708,3
57052,No,57,1,4,2994,21221,3
10424,No,47,1,3,1223,16901,4
70644,Yes,73,1,4,1118,8040,3
42310,No,53,1,4,2875,9973,4
55184,Yes,94,5,2,18824,2493,3
19061,No,37,4,2,13577,25592,3
72225,Yes,45,1,3,2625,25308,4
65816,No,33,5,2,18789,9946,3
33424,No,86,2,1,4538,6039,3
73061,No,83,5,2,19847,19196,4
57307,No,67,3,4,10512,20002,3
16751,No,46,2,2,4444,22534,3
31709,No,44,1,3,2154,6842,3
46319,No,92,5,1,19190,17477,3
32544,No,56,2,2,4490,21833,3
29042,No,66,1,3,3506,6020,3
66787,No,78,2,2,2372,5628,3
58208,No,56,3,4,10231,20364,3
53176,No,53,2,2,5410,2323,3
6100,Yes,73,3,4,7978,14075,3
46547,No,52,1,4,3867,14222,3
25467,No,40,1,3,2838,4257,3
7474,No,72,2,3,4695,12858,3
5010,Yes,39,1,3,3339,17285,3
16790,No,84,1,1,2080,4732,3
15692,No,40,1,2,2096,18830,3
54516,No,56,2,4,6209,11693,3
7725,No,83,5,2,18061,13035,4
49036,No,94,4,2,17123,17334,3
28899,No,88,1,3,2372,26076,3
48877,Yes,79,2,3,4883,22845,3
76815,Yes,93,1,1,3904,22154,3
29086,No,48,2,4,4627,23631,3
17697,No,63,3,3,7094,5747,3
25912,No,44,1,1,3423,22957,3
33757,No,55,2,4,6674,16392,3
30353,No,43,4,1,16880,22422,3
66863,Yes,57,3,2,9094,17235,3
44598,Yes,64,3,2,8446,21534,3
69056,No,95,3,1,11916,25927,4
39697,No,32,2,3,4534,13352,3
9996,No,57,3,3,9852,8935,3
73487,No,40,2,2,6151,22074,3
6239,Yes,54,1,2,2302,8319,3
6980,Yes,89,1,1,2362,14669,3
54953,No,37,4,3,17861,26582,3
67681,No,58,5,3,19187,6992,3
4417,No,99,5,2,19717,4022,3
75702,No,74,1,3,3544,8532,3
591,No,86,3,4,8500,5494,3
12841,No,98,2,4,4661,22455,3
43704,No,66,2,1,4103,4297,3
37689,No,87,2,3,4249,2690,3
3990,No,84,4,2,14026,17588,3
55454,No,31,2,1,6893,19461,3
9677,No,66,2,1,6125,23553,3
25620,No,67,1,4,3669,9075,3
78280,Yes,53,3,1,10008,12023,3
69996,No,88,1,2,2387,6762,4
38992,No,83,2,1,4639,2261,3
61755,No,54,3,4,7898,18706,3
29966,No,98,1,4,2534,6527,3
51673,No,82,4,2,13142,24439,3
36870,No,97,1,4,1611,19305,3
23116,No,60,2,4,5363,10846,3
54222,No,43,2,4,5071,20392,4
2454,Yes,85,4,3,13695,9277,3
9994,No,68,4,2,13402,18235,3
14705,No,92,1,3,2029,15891,4
74684,No,89,2,3,6377,13888,4
43067,No,86,2,3,5429,17491,3
56434,Yes,90,1,4,2785,11882,3
76328,Yes,67,2,3,4614,23288,3
39928,No,57,1,3,2610,15748,3
64375,No,98,2,4,6687,6163,3
12320,No,48,2,1,4724,24232,3
20464,Yes,98,2,3,6179,21057,3
31764,No,44,2,4,6120,3567,3
47215,No,52,3,2,10596,15395,3
33910,No,75,2,4,5467,13953,3
3485,No,54,1,3,2996,5182,3
73471,No,61,2,4,9998,19293,3
9251,No,36,2,2,4078,20497,3
59688,No,71,3,3,10920,3449,4
56262,No,93,2,3,6232,12477,3
12803,No,59,4,3,13247,9731,3
68388,No,73,2,3,4081,20003,3
32344,No,98,2,4,5769,7100,3
71931,Yes,51,1,3,2394,25681,3
55130,No,36,1,4,3904,4050,3
47604,No,31,4,1,16799,16616,3
29747,No,54,1,1,2950,17363,3
25289,No,94,1,3,3629,19106,3
70638,No,60,3,4,9362,19944,3
40109,No,81,1,4,3229,4910,3
34855,No,100,1,1,3578,23577,3
57455,No,51,3,1,7988,9769,3
31558,Yes,97,2,1,4284,22710,4
47680,Yes,84,3,4,7553,22930,3
70695,No,54,4,4,17328,5652,3
51197,No,76,5,1,19701,22456,4
59110,No,81,4,4,14732,12414,3
25602,No,99,2,2,9278,20763,3
19695,Yes,50,1,3,1359,16154,3
38429,No,73,2,1,4779,12761,3
52760,No,93,4,2,16422,8847,3
26863,No,91,1,1,2996,20284,3
16454,Yes,34,1,2,1261,22262,3
4559,No,91,1,1,2099,7679,3
14115,No,37,2,4,5810,22604,3
7286,No,98,2,1,5647,13494,3
37820,No,74,1,4,3420,10205,3
5453,Yes,68,1,1,4400,15182,3
69587,No,84,1,3,3500,25470,3
66010,No,90,1,1,2066,10494,4
983,No,82,4,3,17169,26703,3
30800,No,42,2,3,4162,15211,3
46367,No,97,2,4,9204,23343,3
50384,No,86,1,2,3294,3708,3
43679,No,90,1,3,2127,5561,3
20232,No,81,2,3,3975,23099,3
40572,No,31,3,4,10793,8386,3
75902,Yes,52,3,4,10096,15986,3
31472,Yes,54,1,1,3646,17181,4
22353,Yes,100,3,2,7446,8931,3
57914,No,95,3,1,10851,19863,3
64069,No,96,1,2,2109,24609,3
16459,Yes,94,1,4,3722,21081,3
8158,No,55,3,4,9380,14720,3
73268,No,96,2,1,5486,24795,3
66226,Yes,52,1,3,2742,3072,3
58785,No,55,3,2,13757,25178,3
44141,No,84,2,1,8463,23490,3
36629,No,90,1,3,3162,7973,3
31052,No,39,4,2,16598,19764,3
51685,No,96,2,3,6651,21534,3
35379,No,68,1,3,2345,8045,3
44749,No,49,1,2,3420,21158,3
41723,No,54,2,1,4373,17456,3
61361,No,81,2,1,4759,15891,3
40149,No,96,2,3,5301,2939,3
56099,No,74,1,4,3673,16458,3
40736,No,79,2,3,4768,9282,3
71628,No,64,1,3,1274,7152,3
38791,No,93,2,3,4900,2721,4
20157,No,35,3,2,10466,20948,3
22877,No,71,4,1,17007,11929,3
4313,Yes,92,1,3,2909,15747,3
30855,Yes,51,2,2,5765,17485,3
75069,Yes,40,2,2,4599,7815,4
75683,No,76,1,3,2404,16192,3
67608,Yes,89,1,1,3172,16998,3
23027,No,78,1,2,2033,7103,3
19501,No,86,3,3,10209,19719,3
3635,No,77,2,3,8620,23757,3
58375,No,46,1,3,2064,15428,4
47380,No,30,2,3,4035,16143,3
975,No,82,1,2,3838,8192,3
41742,No,78,2,3,4591,24200,3
11526,Yes,38,1,1,2561,5355,3
44722,No,72,1,3,1563,12530,3
62674,No,55,2,1,4898,11827,3
62680,No,43,2,1,4789,23070,4
17043,No,97,1,2,3180,4668,3
63224,No,96,2,2,6549,3173,3
13282,No,69,2,3,6388,22049,3
5139,No,64,3,4,11244,21072,4
47117,No,87,4,4,16032,24456,4
58067,Yes,100,1,1,2362,7568,3
23681,No,32,4,1,16328,22074,3
44416,No,32,3,2,8376,9150,3
23828,No,51,4,2,16606,11380,3
75849,No,91,3,2,8606,21195,3
74165,No,97,2,3,2272,24812,3
28382,Yes,86,1,1,2018,21831,3
63366,No,64,3,3,7083,12288,3
16909,Yes,33,1,3,4084,4156,3
51737,No,88,4,4,14411,24450,3
18585,No,55,1,3,2308,4944,4
33646,No,68,1,2,4841,24052,3
58458,No,47,2,4,4285,3031,3
69215,No,39,2,1,9715,7288,3
4508,No,44,2,2,4320,24152,3
49647,No,97,1,4,2132,4585,4
49618,No,40,3,4,10124,18611,3
14986,No,47,2,1,5473,19345,3
26321,No,79,2,3,5207,22949,3
51408,No,38,4,4,16437,17381,4
36203,No,57,1,1,2296,10036,3
9523,No,72,2,4,4069,8841,3
24337,No,66,3,2,7441,20933,3
53448,No,98,1,3,2430,26204,4
5576,No,67,2,2,5878,15624,3
44110,No,70,1,4,2644,17001,4
69085,No,96,2,3,6439,13693,3
77167,No,91,1,3,2451,22376,3
6150,No,46,2,1,6392,10589,3
62147,Yes,64,2,1,9714,5323,3
68879,No,71,2,3,6077,14814,3
65115,No,68,1,1,2450,21731,3
55269,No,33,3,2,9250,17799,3
51763,Yes,69,1,1,2074,26619,3
30940,Yes,78,3,4,10169,14618,3
71078,Yes,81,2,2,4855,7653,3
52464,No,62,2,1,4087,25174,3
3530,No,65,1,1,2367,16530,3
9188,No,35,1,4,2972,22061,3
65121,No,60,5,4,19586,23037,4
37895,No,45,2,4,5484,13008,3
5649,No,89,1,4,2061,11133,4
61577,No,80,2,2,9924,12355,3
12868,No,90,2,2,4198,16379,3
74966,No,73,2,3,6815,21447,3
8023,No,87,1,1,4723,16213,3
33807,No,51,2,3,6142,4223,3
71459,No,38,3,3,8237,4658,3
39582,No,87,2,4,8853,24483,3
25879,No,59,5,3,19331,19519,3
35351,No,45,1,3,2073,12826,3
31794,No,80,2,1,5562,19711,3
61663,No,93,5,4,19613,26362,4
72095,No,46,2,3,3407,25348,3
77101,No,92,2,3,5063,15332,3
25557,No,84,2,1,4639,11262,3
31585,No,87,1,2,4876,5855,3
25793,No,63,1,4,2690,7713,3
26024,No,56,4,1,17567,3156,3
54748,Yes,51,1,2,2408,7324,3
8839,No,85,1,3,2814,10293,3
27967,No,41,4,3,11245,20689,3
75588,No,35,1,4,3312,18783,3
20382,No,31,5,4,19049,3549,3
30108,No,48,1,2,2141,5348,3
48297,No,50,2,1,5769,23447,3
75625,No,52,2,1,4385,24162,3
19947,No,54,2,1,5332,21602,3
61450,No,76,2,3,4663,12421,3
77304,No,42,2,4,4724,17000,3
40159,No,84,1,1,3211,22102,3
68305,No,76,2,1,5377,3835,3
21207,No,67,1,1,4066,16290,3
54630,No,48,2,1,5208,26312,3
7451,No,39,2,1,4877,20460,4
749,No,97,1,4,3117,26009,3
71969,Yes,70,1,4,1569,18420,3
29562,No,98,5,3,19658,5220,3
10344,No,76,2,3,3069,10302,3
26908,No,80,3,3,10435,25800,3
17135,No,52,2,3,4148,12250,3
29120,No,85,2,3,5768,26493,3
75684,No,81,2,3,5042,3140,3
74636,No,59,2,4,5770,5388,3
20682,No,54,3,3,7756,14199,3
55502,Yes,55,3,1,10306,21530,3
2254,No,71,1,2,3936,9953,3
6971,No,84,3,4,7945,19948,3
47079,No,37,2,4,5743,10503,3
62302,No,89,4,4,15202,5602,4
72591,Yes,59,2,4,5440,22098,3
48238,No,32,1,4,3760,17218,3
30555,No,86,1,3,3517,22490,3
57880,No,87,1,4,2580,6297,3
53571,Yes,73,1,1,2166,3339,3
78090,No,42,2,3,5869,23413,3
57253,No,42,3,1,8008,22792,3
15563,No,77,2,3,5206,4973,3
17580,No,66,2,2,5295,7693,4
55993,No,72,4,2,16413,3498,3
56380,No,50,3,1,13269,21981,3
77081,No,31,1,3,2783,13251,3
15187,No,66,2,2,5433,19332,3
65221,No,77,1,2,2013,10950,3
3105,No,41,4,3,13966,11652,3
1094,No,33,2,3,4374,15411,3
42628,No,79,2,1,6842,26308,4
50652,No,91,4,3,17426,18685,4
45424,No,65,4,3,17603,3525,4
64809,Yes,36,2,4,4581,10414,4
48866,No,90,2,4,4735,9867,3
43578,No,43,2,2,4187,3356,3
37402,No,93,2,4,5505,3921,3
55268,No,45,2,2,5470,25518,3
22553,No,67,2,4,5476,22589,3
40416,No,74,1,1,2587,24941,3
39353,No,42,1,2,2440,23826,4
17454,No,47,4,2,15972,21086,3
9953,No,36,4,3,15379,22384,3
59615,No,80,3,3,7082,11591,3
10330,No,54,1,1,2728,21082,3
75928,No,36,2,4,5368,16130,4
50946,No,80,2,3,5347,7419,3
35469,No,44,1,4,3195,4167,3
11755,Yes,93,1,3,3989,20586,3
8588,No,87,1,3,3306,26176,3
64902,No,48,3,4,7005,3458,3
10290,Yes,95,1,3,2655,11740,3
69439,Yes,95,1,2,1393,24852,3
43257,No,76,1,4,2570,11925,4
41927,No,94,1,2,3537,23737,3
20981,No,57,2,4,3986,11912,3
77562,No,92,3,4,10883,20467,4
23890,No,79,1,2,2028,13637,3
59925,No,31,2,4,9525,7677,3
55146,No,35,1,4,2929,20338,3
24634,Yes,99,1,4,2275,25103,4
47504,No,96,3,4,7879,14810,3
75122,No,79,1,4,4930,13970,3
64041,No,73,2,4,7847,6069,3
5955,No,62,1,3,4401,17616,3
32483,No,35,3,3,9241,15869,3
56698,No,43,1,3,2974,25412,3
6547,No,51,2,4,4502,7439,3
1502,No,74,3,3,10748,3395,4
66259,Yes,58,1,3,1555,11585,3
23766,Yes,82,4,3,12936,24164,3
51390,No,62,1,3,2305,6217,3
72914,No,48,4,2,16704,17119,3
64739,No,56,1,3,3433,17360,3
21153,No,69,1,3,3477,18103,3
41632,No,60,2,2,6430,20794,3
53041,No,92,2,1,6516,5041,3
11480,No,91,1,1,3907,3622,3
3666,No,34,2,2,5562,9697,3
68914,No,49,2,3,6883,5151,3
10105,No,33,1,4,2862,3811,3
54417,No,87,2,2,4978,3536,3
17485,No,74,3,4,10368,5596,3
63485,Yes,96,2,1,6134,8658,3
33678,Yes,34,2,2,6735,12147,3
21026,No,51,1,2,3295,12862,3
20407,No,30,2,4,5238,6670,4
68933,No,77,2,4,6472,8989,3
7866,No,80,3,3,9610,3840,3
51363,No,88,5,2,19833,4349,3
37310,No,56,3,3,9756,6595,4
38712,No,78,1,1,4968,26427,3
24250,No,59,1,4,2145,2097,3
73208,Yes,66,1,4,2180,9732,3
4022,No,51,2,3,8346,20943,3
6411,No,67,1,4,3445,6152,3
69607,Yes,52,1,2,2760,14630,3
72483,No,70,2,3,6294,23060,3
13350,No,94,3,1,7140,3088,3
15192,No,97,1,4,2932,5586,3
66704,No,62,2,2,5147,10697,3
60756,No,80,2,4,4507,8191,3
36333,Yes,74,3,1,8564,10092,4
15436,No,75,1,2,2468,15963,3
46344,Yes,70,3,3,8161,19002,3
11910,No,91,1,1,2109,10007,3
19336,No,58,2,3,5294,9128,3
22213,No,65,1,2,2718,17674,3
54450,No,60,2,4,5811,24539,3
28980,Yes,38,1,3,2437,15587,3
33601,No,57,1,2,2766,8952,4
56936,No,60,5,1,19038,19805,3
64345,No,90,2,2,3055,6194,3
20309,No,94,1,1,2289,20520,4
21959,No,87,2,3,4001,12313,3
34467,No,60,4,3,12965,22308,4
12221,No,97,1,4,3539,5033,3
22778,No,32,2,4,6029,25353,3
71875,Yes,31,1,2,2679,4567,3
181,No,40,1,3,3702,16376,3
13901,Yes,79,1,1,2398,15999,3
29067,No,91,2,4,5468,13402,3
22425,No,53,3,3,13116,22984,3
26558,No,46,2,2,4189,8800,3
31777,No,46,5,4,19328,14218,3
60992,No,90,3,1,8321,25949,3
54607,Yes,99,1,2,2342,11092,3
35201,No,89,2,2,4071,12832,3
59719,Yes,84,2,4,5813,13492,3
11104,No,90,1,1,3143,6076,3
49810,No,82,1,4,2044,5531,3
35790,No,65,3,3,13464,7914,4
40170,No,98,2,2,7991,25166,3
13742,No,99,1,1,3377,25605,3
22654,No,95,2,1,5538,5696,3
54593,No,90,2,4,5762,24442,3
10676,No,100,1,2,2592,7129,3
43696,Yes,93,2,1,5346,6208,3
415,Yes,58,2,1,4213,4992,3
50537,No,83,2,4,4127,19188,3
19443,No,52,1,3,2438,24978,3
50237,No,85,2,2,6870,15530,3
26609,No,81,3,3,10447,26458,3
18739,No,64,3,3,9667,2739,3
14194,Yes,69,1,2,2148,6889,3
31998,Yes,66,2,2,8926,10842,4
68410,No,52,2,4,6513,9060,3
59511,No,92,2,3,6799,22128,4
41326,No,52,4,2,16291,22577,4
30387,No,91,1,3,2705,9696,3
37823,No,92,3,2,10333,19271,3
25982,No,47,2,1,4448,10748,3
21358,No,68,2,4,6854,15696,3
57509,No,68,3,1,9637,8277,3
31377,No,67,1,1,3591,12719,4
36038,No,77,2,4,5405,4244,4
28713,No,46,2,4,4684,9125,3
19744,No,87,4,3,15787,21624,3
55928,No,33,1,3,1514,8018,3
31749,Yes,89,1,1,2956,21495,3
7941,Yes,56,1,1,2335,3157,3
8255,No,67,2,3,5154,19665,4
39861,No,73,2,2,6962,19573,4
10378,No,92,2,4,5675,19246,4
3905,No,53,1,4,2379,19826,3
37359,No,40,1,4,3812,7003,3
23546,No,79,2,4,4648,26075,3
75483,No,38,1,3,2936,6161,4
50961,No,64,1,3,2105,5411,3
82,No,82,3,4,8578,19989,3
61244,No,43,1,4,2706,10494,3
19859,No,93,2,3,6384,21143,3
10260,No,81,1,3,3968,13624,3
64373,Yes,82,2,2,9907,26186,3
62436,No,45,4,1,13225,7739,3
20739,No,36,2,3,3540,7018,4
10043,No,87,1,2,2804,15434,3
18640,No,81,5,3,19392,22539,3
59299,No,91,5,2,19665,13583,3
24531,Yes,73,1,4,2439,14753,4
72844,Yes,64,3,2,7314,14011,4
59212,No,77,1,1,4774,23844,3
1365,No,41,2,4,3902,5141,3
56898,No,98,1,4,2662,7975,4
75734,No,78,1,2,2856,3692,3
57182,Yes,89,1,4,1081,16019,3
75283,Yes,75,1,2,2472,26092,4
8249,No,63,2,3,5673,6060,3
53531,No,89,2,3,4197,18624,3
40862,No,64,3,4,9713,24444,3
1083,No,59,1,1,2062,19384,3
75994,No,78,2,1,4284,13588,4
76167,No,44,2,2,4788,25388,3
61330,No,93,2,4,5906,23888,3
77524,No,94,2,4,3886,4223,4
75714,No,98,4,1,16823,18991,3
26588,No,90,1,3,2933,14908,3
18532,No,89,2,3,6500,26997,3
37620,No,58,4,4,17174,2437,3
44010,No,78,2,1,5033,9364,3
36990,Yes,85,1,1,2307,14460,4
36140,Yes,97,1,4,2587,10261,3
60899,No,33,2,2,5507,16822,3
27390,No,54,2,2,4393,26841,4
58054,No,83,3,1,13348,14842,3
32807,No,86,2,4,6583,20115,3
28737,No,75,2,4,8103,16495,3
65681,No,62,1,3,3978,16031,3
50906,No,61,1,4,2544,7102,3
65503,No,44,2,3,5399,14511,3
48535,No,43,2,3,5487,10410,3
27930,No,42,2,4,6834,19255,3
38789,Yes,45,1,1,1091,10642,3
31674,No,32,2,3,5736,3987,3
27757,No,41,1,2,2226,6073,3
42766,No,86,2,4,5747,26496,3
37897,Yes,84,2,3,9854,23352,3
69119,No,64,2,2,5467,2125,3
5726,No,89,2,1,5380,20328,3
52216,No,87,2,1,5151,12315,4
44275,No,58,2,2,2133,18115,3
11107,No,72,4,4,17875,11761,3
23884,Yes,47,1,3,2432,15318,3
26426,No,71,1,4,4771,14293,3
29920,No,42,5,4,19161,13738,3
15498,No,77,2,4,5087,2900,3
45328,Yes,58,1,2,2863,19555,3
16825,No,71,2,1,5561,15975,3
66231,No,49,1,3,2144,2122,3
5588,No,48,1,1,3065,3995,3
37414,No,66,1,2,2810,9238,4
77673,No,32,3,4,9888,6770,4
4070,No,39,3,3,8628,22914,3
9505,No,95,1,1,2867,20006,3
39253,No,89,2,1,5373,6225,3
41456,No,34,2,4,6667,16542,3
31058,No,48,2,1,5003,5771,4
38578,Yes,32,1,4,2367,18779,3
43795,No,59,1,1,2858,11473,3
54678,No,55,2,4,5204,13586,3
65031,No,44,2,4,4105,5099,3
20992,No,56,2,4,9679,10138,4
31580,Yes,63,2,4,5617,21075,3
58329,Yes,66,3,1,10448,5843,3
53150,No,67,2,3,2897,22474,3
23235,No,36,2,3,5968,18079,4
69006,No,30,3,3,7510,16873,3
60552,No,88,1,2,2991,5224,3
61900,No,71,5,2,19636,25811,3
16916,No,59,1,4,1129,17536,3
26477,No,77,4,1,13341,25098,3
76994,No,37,2,3,4332,14811,3
44827,No,40,3,3,11031,26862,4
59193,No,77,2,1,4440,25198,3
44286,No,45,2,3,4617,14120,3
74490,No,78,1,4,2647,13672,3
28192,No,73,2,3,6323,26849,3
9681,No,92,2,2,5677,4258,3
58502,No,82,1,2,2187,19655,3
5062,No,76,1,2,3748,4077,3
17033,No,57,1,3,3977,7298,3
77867,No,84,3,3,8633,13084,4
54785,No,59,1,3,2008,20439,3
12623,No,86,2,2,4440,7636,3
17622,No,54,1,3,3067,6393,3
43147,No,72,2,3,5321,14284,3
61241,No,35,2,1,5410,11189,3
50740,No,76,1,4,2782,21412,4
8089,No,98,3,2,11957,17231,3
60024,No,43,1,3,2660,20232,3
70383,No,63,1,3,3375,17624,3
54320,No,48,2,3,5098,18698,3
51413,No,95,2,4,4878,21653,3
21597,No,49,1,2,2837,15919,3
49461,No,83,1,4,2406,4060,3
35329,No,68,1,2,2269,18024,3
60162,No,52,2,4,4108,5340,3
1242,No,99,3,3,13206,3376,3
14401,No,48,3,4,10422,24032,3
44085,No,42,3,4,13744,15471,4
46389,No,85,2,3,4907,13684,4
59589,No,40,1,4,3482,19788,3
36005,No,42,1,4,2436,13422,3
31832,No,58,1,1,2380,25479,3
33652,No,87,5,4,19431,15302,3
67715,Yes,33,1,1,1790,26956,3
43102,No,94,3,4,7644,12695,3
45375,No,97,2,2,5131,9192,3
30249,No,57,2,3,6306,26236,4
59029,Yes,36,1,4,4787,26124,3
58084,No,56,5,3,18880,17312,3
16222,Yes,72,1,3,2339,3666,3
46040,No,60,4,2,13570,5640,4
37559,No,95,2,3,6712,8978,4
35361,No,88,2,4,5406,10436,4
47379,No,57,2,2,8938,12227,3
56753,No,78,1,1,2439,11288,3
14899,No,31,3,4,8837,16642,3
5531,No,100,2,4,5343,5982,3
23664,Yes,94,2,3,6728,14255,3
2228,No,100,2,4,6652,14369,3
57043,No,50,2,3,4850,23333,3
61379,No,52,1,3,2809,2725,3
55229,No,80,2,3,5689,24594,3
63298,No,98,1,3,2001,12549,3
76085,No,62,1,4,2977,8952,3
30443,No,46,2,2,4025,23679,3
16137,No,73,1,1,3785,8489,3
61857,Yes,39,3,1,10854,16586,3
2617,No,60,4,4,12031,8828,3
38238,No,74,2,1,9936,3787,3
1589,No,30,1,3,2966,21378,3
50386,No,41,2,4,2571,12290,3
26816,No,42,3,1,9991,21457,3
42761,No,87,2,2,6142,5174,4
50011,No,63,2,2,5390,13243,3
43450,No,82,2,3,4404,10228,3
